asset,venue,strategy,mean_net_bps,total_net_bps,mean_gross_bps,mean_cost_bps,turnover,active_share
BNBUSDT,BINANCE,camp_r,0.030884881958973057,2666.41539904598,0.03109162894030229,0.00020674698132923394,0.01037829823707925,0.1740913197581486
BNBUSDT,BINANCE,micro_fixed,0.030884881958973057,2666.41539904598,0.03109162894030229,0.00020674698132923394,0.01037829823707925,0.1740913197581486
BNBUSDT,BINANCE,online_regime,0.030884881958973057,2666.41539904598,0.03109162894030229,0.00020674698132923394,0.01037829823707925,0.1740913197581486
BNBUSDT,BINANCE,ramp_real,0.017288692965998297,1492.602018526497,0.01745681180537131,0.00016811883937301427,0.008409201473347696,0.13969004100354437
BNBUSDT,BINANCE,ridge_static,0.016592627613253415,1432.5079123626203,0.016744162142437666,0.0001515345291842497,0.007575231079296685,0.12613802210021544
BNBUSDT,BINANCE,signed_flow,-0.017014487168211363,-1468.9287351803598,-0.01659797811352134,0.000416509054690022,0.020953506150531657,0.39687724419116455
BNBUSDT,BINANCE,momentum,-0.021699194391624297,-1873.378248606492,-0.02166347661514682,3.571777647747826e-05,0.0017837700094979962,0.027451525470845783
