strategy,mean_gross_bps,mean_net_bps,total_net_bps,hit_rate,mean_turnover,sharpe_like
ramp,0.6282155313236024,0.6027167226651642,6509.340604783773,0.9532407407407407,0.1807596892254698,1.1036660140545962
uniform,0.5584134294317583,0.47464651234254324,5126.182333299467,0.9187962962962963,0.5919596716185271,1.0810120698176406
ridge5,0.5190229584465142,0.4181270498100021,4515.772137948023,0.8447222222222223,0.6809313894026241,0.7409621206128097
imbalance,0.37300140973903845,0.2884010598315551,3114.7314461807955,0.8421296296296297,0.6558747133595659,0.8872000080019171
momentum,0.22833096374243833,0.1954450602433134,2110.8066506277846,0.6955555555555556,0.22346045863675879,0.36554193338864027
