{
  "feature_columns": [
    "spread",
    "imb1",
    "imb2",
    "micro_dev",
    "trade_signed_roll5",
    "trade_signed_roll15",
    "trade_abs_roll5",
    "trade_abs_roll15",
    "ntrades_roll5",
    "ret_5",
    "ret_15",
    "ret_30"
  ],
  "mean_": [
    0.0010712843319286237,
    0.07629985659129195,
    0.044326471738856864,
    5.791129785688582e-05,
    -2.082618138508425,
    -6.223648719655305,
    65.42482572599573,
    196.24851998458684,
    0.6720671173853645,
    6.78296376906921e-07,
    2.349093321025722e-06,
    5.163801561525982e-06
  ],
  "std_": [
    0.0010060987655896966,
    0.640166693947989,
    0.6649237842060622,
    0.0004636264870450426,
    142.9191888805412,
    251.5839846655182,
    141.87473296477063,
    254.61886401651662,
    0.828257826499949,
    0.0007116570048162312,
    0.0012253899491330906,
    0.0017151210337805057
  ],
  "coef_buy_": [
    -0.00011783648872304477,
    -6.8353041682847e-05,
    8.52036381916463e-06,
    0.00011298874460017314,
    -1.1418864451637295e-05,
    4.046666365882527e-06,
    1.604932168508047e-05,
    -1.1128036499182482e-05,
    8.59206649679759e-06,
    3.581898307903923e-06,
    1.0985768170993306e-05,
    -3.251032965751211e-05
  ],
  "coef_sell_": [
    -5.676830329141299e-05,
    4.582743611135834e-05,
    -1.4097928869904319e-06,
    -7.958224340138241e-05,
    1.4072737267990614e-05,
    6.31254794413401e-06,
    3.674664055932073e-06,
    1.2521428781866259e-05,
    -3.6532524065018647e-06,
    -4.0190684489341633e-07,
    2.5482351411073435e-05,
    1.3780382043518125e-06
  ],
  "horizon": 20,
  "ridge_lambda": 100.0
}