qty,policy,mean_is_bps
1000,alpha,3.191826230356119
1000,liq,3.024200759931428
1000,malp,2.1369990929593143
1000,twap,5.616603389180778
1000,vwap,5.616603389180778
3000,alpha,3.445901399928934
3000,liq,3.1050638671308466
3000,malp,2.222619407528128
3000,twap,5.856621134886738
3000,vwap,5.856621134886738
5000,alpha,3.6293179376089926
5000,liq,3.147247513543837
5000,malp,2.2682998184001097
5000,twap,6.019195666354822
5000,vwap,6.019195666354822
